0, 150, 0, 0.7325390872953766, 0.4437429352553056, 0.4225653863322816, 0.14700186742935528
1, 150, 0.21887126678058577, 0.7368220204372996, 0.549804804562372, 0.5415049398765651, 0.10097093100232123
2, 150, 0.4130643750358638, 0.7401967957649278, 0.6082647202766447, 0.6060451402122304, 0.06624442966607268
3, 150, 0.4258911744553763, 0.7645446915351353, 0.6468793556851931, 0.6386621470112754, 0.06154476823787266
4, 150, 0.44151506246931216, 0.7932781450744499, 0.6691200030853287, 0.664155192820398, 0.05783472346260394
5, 150, 0.46831399511590144, 0.8137543095771563, 0.6909934342693844, 0.6881920097605445, 0.052758089794588243
6, 150, 0.4974056352395686, 0.8301516802022896, 0.7197580656164941, 0.7097599117197408, 0.06140948753623391
7, 150, 0.5130990423571417, 0.8301516802022896, 0.7383580639082626, 0.7261196117102526, 0.06141232623144374
8, 150, 0.547157655029893, 0.8301516802022896, 0.7593751642579096, 0.7419814537838517, 0.05724201717798766
9, 150, 0.570486780673056, 0.8384725653922618, 0.7710959662424355, 0.7575787226855298, 0.050679908355843635
10, 150, 0.5330453457656845, 0.8384725653922618, 0.7780808973568426, 0.7601664677676034, 0.05881502159561189
11, 150, 0.6319937422887069, 0.8447439100103764, 0.7889372957672249, 0.7727287600561035, 0.04887523131320739
12, 150, 0.5774556860134913, 0.8456078479008111, 0.7947616260947341, 0.7785025622276297, 0.05394211394361613
13, 150, 0.5847343181155346, 0.8561898584828217, 0.8099242532558404, 0.7955529251994483, 0.04736479749867427
14, 150, 0.6305932232639435, 0.8664174308529614, 0.8069015642866473, 0.7970040128628515, 0.04484914559856249
15, 150, 0.6111115218235919, 0.8715234117818889, 0.813786272885573, 0.8016589489150081, 0.05160030912401283
16, 150, 0.6683813443346345, 0.8788001042110937, 0.8219943657386479, 0.8097576594573934, 0.043146100336025055
17, 150, 0.6159421496495311, 0.8788001042110937, 0.827729174833028, 0.816339071465621, 0.04255662642302379
18, 150, 0.6766330692235621, 0.8788001042110937, 0.8347876992177639, 0.8252378534229602, 0.036539642421779914
19, 150, 0.6272867661781134, 0.8788001042110937, 0.8362196115070597, 0.8257679586079435, 0.040432035905293595
20, 150, 0.6345213861475687, 0.8788001042110937, 0.8433459706561135, 0.8281903730365094, 0.04565102635098283
21, 150, 0.6131332736519912, 0.8807005239658421, 0.8459056979226047, 0.8303209056277583, 0.04166146119742445
22, 150, 0.6857613768986064, 0.882761881241644, 0.846251060958071, 0.830158749562959, 0.04208537130400677
23, 150, 0.6432538852406625, 0.886756381030157, 0.8453394161569836, 0.8300764145974275, 0.049819592324990614
24, 150, 0.624566338966022, 0.886756381030157, 0.846443200418778, 0.8331439678997969, 0.04692858882547901
25, 150, 0.6523915142678419, 0.8924136956996167, 0.8450511885441687, 0.8347629269930568, 0.045969564535580425
26, 150, 0.6547546274266107, 0.8924136956996167, 0.8458897723400317, 0.835979274704263, 0.04038080077318442
27, 150, 0.6974171237210625, 0.8924136956996167, 0.8528510268083074, 0.8412509701765987, 0.03718180498115474
28, 150, 0.686542454379073, 0.8924136956996167, 0.8517324695356103, 0.8408368492873671, 0.04098875905816876
29, 150, 0.6390925940873606, 0.8924136956996167, 0.8505305018865826, 0.8377984398028419, 0.046423772906619504
30, 150, 0.6356120609874973, 0.8946723111661504, 0.8545202104405136, 0.840978670095476, 0.04652523373141698
31, 150, 0.6745682752396053, 0.8946723111661504, 0.8566701573207585, 0.843060859482527, 0.04288348086829319
32, 150, 0.6502296289931482, 0.8946723111661504, 0.8540939649276098, 0.8398363450954605, 0.04771584175745636
33, 150, 0.6374894987805331, 0.8991242198630653, 0.8585158063321614, 0.83984487585371, 0.050503133325380166
34, 150, 0.6216723741718246, 0.8991242198630653, 0.86222874494654, 0.8446371679503255, 0.0531592900141263
35, 150, 0.7010155728775064, 0.8991242198630653, 0.8660657240057755, 0.8517048182667053, 0.042445821378793505
36, 150, 0.7109532809158295, 0.900187795412717, 0.8657141148958065, 0.8544220109658244, 0.03708403706583593
37, 150, 0.6748625633917542, 0.900715836453499, 0.8647815067945763, 0.8523469898669902, 0.04180838440283628
38, 150, 0.6762712738464008, 0.9060553747110955, 0.8622471881493502, 0.8467119297711408, 0.04849096259781938
39, 150, 0.6780152486059364, 0.9060553747110955, 0.8647858689415198, 0.8522913243678322, 0.04413573266996272
40, 150, 0.7002215868787572, 0.9060553747110955, 0.8658410056679163, 0.8547457853151829, 0.04009276479654961
41, 150, 0.6967709070841844, 0.9060553747110955, 0.8668777921430377, 0.8551570164652954, 0.04435482996134178
42, 150, 0.6517938052332302, 0.9060553747110955, 0.868049572079972, 0.8587699213753872, 0.037483447959514804
43, 150, 0.7001297842581394, 0.9060553747110955, 0.8684451549159058, 0.8534738235421216, 0.046243546900442134
44, 150, 0.6847149748518608, 0.9060553747110955, 0.8706776452032593, 0.8540417046968173, 0.04589148889127198
45, 150, 0.6612207469795501, 0.9060553747110955, 0.8696842304097343, 0.8553902687892506, 0.04587484941554138
46, 150, 0.6338189848860157, 0.9065940283670851, 0.8687896260426105, 0.8572915949095173, 0.04280217115877368
47, 150, 0.6638626916837882, 0.9065940283670851, 0.8707386731788986, 0.8596454172102259, 0.04278183824422248
48, 150, 0.6988803902051358, 0.9091635579529418, 0.8716574078174604, 0.8619832803666717, 0.03879322012038425
49, 150, 0.695685552754694, 0.9091635579529418, 0.8712024290404637, 0.8576896466155441, 0.0423242978746586
50, 150, 0.6990335513901305, 0.9091635579529418, 0.8665480394390315, 0.8529681873219576, 0.04731272454667438
51, 150, 0.6545033197408869, 0.9091635579529418, 0.8706567862235377, 0.8551063531107769, 0.046528727937036045
52, 150, 0.7037367967231747, 0.9091635579529418, 0.8712096577947934, 0.8602613096253665, 0.04177862292785899
53, 150, 0.6988014114993064, 0.9091635579529418, 0.867688289729774, 0.8556802559075318, 0.04277800278944332
54, 150, 0.7037782098607146, 0.9091635579529418, 0.8686836866227605, 0.8582268704335512, 0.040159624629424226
55, 150, 0.7231700315071192, 0.9091635579529418, 0.8704552989455427, 0.8586985994709554, 0.03844527445470639
56, 150, 0.7042635323493797, 0.9094380061688818, 0.8646701651059605, 0.8507392888632618, 0.046042004686231576
57, 150, 0.6741623537255277, 0.9094380061688818, 0.8673613405851139, 0.8547111481424755, 0.0433984521843261
58, 150, 0.6608172833213489, 0.9094380061688818, 0.8719489537134886, 0.858750815054932, 0.04229821775241226
59, 150, 0.694850948052656, 0.9094380061688818, 0.8672651344439064, 0.8527473487896371, 0.0454010176678255
60, 150, 0.6713128816616655, 0.914460007396913, 0.8688615714001009, 0.8511848003012394, 0.051658622444209074
61, 150, 0.6597282536620948, 0.914460007396913, 0.8702072734491629, 0.8540586202040655, 0.047958535577307455
62, 150, 0.6033830920943658, 0.914460007396913, 0.8719271517701649, 0.8563537250112244, 0.0472690844022058
63, 150, 0.6512477734408, 0.914460007396913, 0.8727626432752924, 0.8540783608468647, 0.05245429737064142
64, 150, 0.7118180714926841, 0.914460007396913, 0.8736004872981957, 0.8631174859578808, 0.036833375319414725
65, 150, 0.6769040778900506, 0.914460007396913, 0.8741470635099116, 0.8611830486240979, 0.04337633879682335
66, 150, 0.619240547046762, 0.914460007396913, 0.8779230363916041, 0.8594830718961547, 0.05400689784785328
67, 150, 0.6358041409418037, 0.914460007396913, 0.8795066809604497, 0.8616856308643829, 0.05038281745483296
68, 150, 0.6617830356060234, 0.914460007396913, 0.8744004570606008, 0.8592216235631319, 0.05228792403790307
69, 150, 0.6833679982124687, 0.914460007396913, 0.8792492324762853, 0.8679893731971227, 0.03839232910696835
70, 150, 0.6398966301961002, 0.914460007396913, 0.8740073985046657, 0.8625671482032637, 0.04419871168055531
71, 150, 0.6794506030853039, 0.914460007396913, 0.8757730605912757, 0.8609898021880362, 0.046362800074364226
72, 150, 0.6346522509750667, 0.914460007396913, 0.8755289740301218, 0.8559992172943262, 0.05629795295136283
73, 150, 0.7195610698335364, 0.914460007396913, 0.8740332843015481, 0.8605579678472399, 0.04526552046956922
74, 150, 0.7018035856937072, 0.914460007396913, 0.8717131222529892, 0.8590674723245203, 0.04641574572709714
75, 150, 0.6813672391295892, 0.914460007396913, 0.8771014254711322, 0.8588906847229335, 0.05031699961630558
76, 150, 0.6824909039775313, 0.914460007396913, 0.874106615289906, 0.8584698765852012, 0.04896717408403538
77, 150, 0.6793329508095243, 0.914460007396913, 0.8777141354396205, 0.8687330029463887, 0.036552460104326084
78, 150, 0.7028702246230434, 0.914460007396913, 0.8785772899546518, 0.8685299536246004, 0.0395847233759836
79, 150, 0.713561590433949, 0.914460007396913, 0.8794265748619934, 0.8684216278835742, 0.043322276828365064
80, 150, 0.653470424071166, 0.914460007396913, 0.8802289262733531, 0.8668447425865681, 0.048461375133992374
81, 150, 0.7120611790669108, 0.914460007396913, 0.8827282951030833, 0.8669558998096925, 0.04933977487638996
82, 150, 0.6476732814635986, 0.914460007396913, 0.8828538148099153, 0.8726070435437252, 0.041756936617550984
83, 150, 0.6574536589593736, 0.914460007396913, 0.882743999975057, 0.8689926753478572, 0.044924671593912974
84, 150, 0.6982374235922749, 0.914460007396913, 0.8795962751683809, 0.8625852060251964, 0.04696125100477246
85, 150, 0.7214896051972594, 0.914460007396913, 0.8824200070117905, 0.8706428606677328, 0.03870022878988294
86, 150, 0.7357567616121244, 0.914460007396913, 0.8833995557862492, 0.8733172797829957, 0.03491851583690154
87, 150, 0.6618398312507633, 0.914460007396913, 0.8782263084316067, 0.864180295743425, 0.048559395201689816
88, 150, 0.6836595133515361, 0.914460007396913, 0.8783272697100656, 0.8687219403197425, 0.037166273040364205
89, 150, 0.6566781776075012, 0.914460007396913, 0.8809056237211426, 0.8669397024170409, 0.04503680554920062
90, 150, 0.6729307793052893, 0.914460007396913, 0.8798758373839235, 0.8651411802003676, 0.046429684586186265
91, 150, 0.6463048116583919, 0.914460007396913, 0.8764871850602631, 0.8616488584411047, 0.049657615712055
92, 150, 0.6721675312832291, 0.914460007396913, 0.8773555770657648, 0.8595046454029555, 0.047754363031924964
93, 150, 0.6296379562122952, 0.914460007396913, 0.8808449512855863, 0.8619634595088072, 0.0513306706758363
94, 150, 0.6560252239954089, 0.914460007396913, 0.8757430797527732, 0.8569839633089994, 0.05069711953178292
95, 150, 0.6568351337491164, 0.914460007396913, 0.8742696781204615, 0.8613715745271162, 0.045891209801885935
96, 150, 0.6923070536301356, 0.914460007396913, 0.8733266169922222, 0.8572377827255544, 0.04718343558864973
97, 150, 0.7026751653630855, 0.914460007396913, 0.8704367140976514, 0.8576797257404168, 0.04498013919589284
98, 150, 0.6771897786486143, 0.914460007396913, 0.8707564993610848, 0.853173417149489, 0.0511533933386173
99, 150, 0.6835999941307007, 0.914460007396913, 0.873068261852882, 0.8638329065645409, 0.04141692273009433
100, 150, 0.6745658764073543, 0.914460007396913, 0.876272937903626, 0.8630415823616948, 0.04577019990058307
101, 150, 0.7272224635149345, 0.914460007396913, 0.8757931868585139, 0.8647024161036662, 0.04006482033712643
102, 150, 0.705896592959879, 0.914460007396913, 0.8781812247654988, 0.8633786799955457, 0.0469549431656759
103, 150, 0.6903369689517683, 0.914460007396913, 0.8800629074724997, 0.8641604949607135, 0.0433618952201166
104, 150, 0.7115923676942938, 0.914460007396913, 0.8766326026290014, 0.8624087454967522, 0.043381952082495755
105, 150, 0.5950595618515717, 0.914460007396913, 0.8736369942956866, 0.8628645747050138, 0.043688587077511075
106, 150, 0.6429236098641964, 0.914460007396913, 0.8806744893466318, 0.8638850036976494, 0.051271396530975566
107, 150, 0.6711906591682932, 0.914460007396913, 0.8771495740328166, 0.8682925416353263, 0.03945027050317519
108, 150, 0.6405603160229546, 0.914460007396913, 0.8743144134789932, 0.8579770427790973, 0.05300170766342519
109, 150, 0.7305165841840522, 0.914460007396913, 0.882009266885612, 0.8678653245751072, 0.04134396909689662
110, 150, 0.6986199494422476, 0.914460007396913, 0.8819814803848403, 0.87007391313474, 0.036878500811063114
111, 150, 0.6782285700652464, 0.914460007396913, 0.8814992593112732, 0.8692841334787732, 0.03911614725372402
112, 150, 0.6773377967028272, 0.914460007396913, 0.8787725062186043, 0.8607734298724014, 0.04963784368922259
113, 150, 0.6463367564948597, 0.914460007396913, 0.8787019247491445, 0.8643635442362961, 0.04646170321749901
114, 150, 0.7056660170057656, 0.914460007396913, 0.8753531513209241, 0.8657478457971494, 0.04243372755596339
115, 150, 0.598171914585119, 0.914460007396913, 0.8761560940107818, 0.8564234709276707, 0.05642091361380565
116, 150, 0.6712042977143554, 0.914460007396913, 0.8763878088979198, 0.8651327978618872, 0.04256933311601021
117, 150, 0.6845100893189605, 0.914460007396913, 0.8786455755494448, 0.8629164421053869, 0.04717878562535816
118, 150, 0.7192288287029018, 0.914460007396913, 0.8747542748627948, 0.8643387474499021, 0.040511364140724655
119, 150, 0.7219252498362035, 0.914460007396913, 0.8828927507417532, 0.8692040657024787, 0.04095392307758408
120, 150, 0.7205808935246591, 0.914460007396913, 0.875768933096208, 0.8643370773549517, 0.04165383326884531
121, 150, 0.7118787261749804, 0.914460007396913, 0.8785484443877527, 0.8638907216592107, 0.04687779102483916
122, 150, 0.6971162296408232, 0.914460007396913, 0.8811685163582728, 0.8637303208353615, 0.044758797954663435
123, 150, 0.7172725746103802, 0.914460007396913, 0.8811163926572128, 0.8687924914195203, 0.03818185689070785
124, 150, 0.707674584861013, 0.914460007396913, 0.882320859254779, 0.8645418814247326, 0.04540950262148995
125, 150, 0.7378562169817215, 0.914460007396913, 0.876300648198922, 0.8674719888860959, 0.037585279962222586
126, 150, 0.6948693510841345, 0.914460007396913, 0.8797739403191096, 0.8654836903142404, 0.04374543189273835
127, 150, 0.6935520011675101, 0.914460007396913, 0.880312681157541, 0.8675782661558761, 0.04418249487687898
128, 150, 0.729003554782794, 0.914460007396913, 0.883724150793884, 0.8724175950672164, 0.039060823047432344
129, 150, 0.742536344434955, 0.914460007396913, 0.8799272864237628, 0.870591697358088, 0.036037783903793814
130, 150, 0.6482617987993518, 0.914460007396913, 0.8828654066971513, 0.8701323401662605, 0.0442528477443691
131, 150, 0.6789256701478404, 0.914460007396913, 0.8824681372081661, 0.870249284302215, 0.042595463707922394
132, 150, 0.6593843637412413, 0.914460007396913, 0.8845489933753777, 0.8699799192379133, 0.045615264362852806
133, 150, 0.7508529041179759, 0.914460007396913, 0.8819127994081744, 0.8742116536652672, 0.03208734322836928
134, 150, 0.6487128967966614, 0.914460007396913, 0.8765666891143511, 0.8687027103964147, 0.04173467054166443
135, 150, 0.6860598866241107, 0.914460007396913, 0.8792528812620168, 0.8661862016883997, 0.03856028327267457
136, 150, 0.7119891387818429, 0.914460007396913, 0.8806423829875316, 0.8671984975628675, 0.039046378330819746
137, 150, 0.7062495855271776, 0.914460007396913, 0.8762076663303937, 0.861820567950729, 0.04451137910866519
138, 150, 0.6726899086864311, 0.914460007396913, 0.8752135407783175, 0.856692245166336, 0.052236292855965455
139, 150, 0.6663152401756459, 0.914460007396913, 0.8776169244838292, 0.8630665838156294, 0.04835703176199645
140, 150, 0.7352054922813126, 0.914460007396913, 0.8752071027877337, 0.8637050518468758, 0.04200386276296792
141, 150, 0.6815636487164077, 0.914460007396913, 0.8770154365632594, 0.8639013219361664, 0.04794486277799786
142, 150, 0.7131373038297706, 0.914460007396913, 0.8797365677605506, 0.8647810992894492, 0.04413193487411874
143, 150, 0.7035543069503027, 0.914460007396913, 0.8781597021015226, 0.8649468916034763, 0.04156092982763596
144, 150, 0.6567150897152132, 0.914460007396913, 0.8748408696147552, 0.85915105325869, 0.05243254383029226
145, 150, 0.6597398067744663, 0.914460007396913, 0.8781788142642143, 0.8624110769052216, 0.048343287844389654
146, 150, 0.6340237779753659, 0.914460007396913, 0.8775780248604174, 0.8604889148211146, 0.05172140531472671
147, 150, 0.6309282632193345, 0.914460007396913, 0.8777658601701841, 0.8651621325973485, 0.04539534905681798
148, 150, 0.7075920486112488, 0.914460007396913, 0.8751042082966785, 0.8633957910367693, 0.04344134520468994
149, 150, 0.6960634612619238, 0.914460007396913, 0.8771523704149158, 0.8640004076564537, 0.04498918181705713
150, 150, 0.6512578206687527, 0.914460007396913, 0.882713007355819, 0.8650232408964814, 0.050086385651270764
151, 150, 0.6882574452501812, 0.914460007396913, 0.8802049627121014, 0.873864104723303, 0.036370001535586324
152, 150, 0.7113212841245825, 0.914460007396913, 0.8812833653986343, 0.8703645885528277, 0.04183820609957216
153, 150, 0.6540304663346699, 0.914460007396913, 0.8821458380751979, 0.8619055769186044, 0.05330672509185391
154, 150, 0.7502790124173108, 0.914460007396913, 0.8817217071059257, 0.8708593566108236, 0.03938995964374054
155, 150, 0.686443087020158, 0.914460007396913, 0.8816926620537782, 0.8685127821952389, 0.04585410895029072
156, 150, 0.7075959948504434, 0.914460007396913, 0.8798340434301002, 0.8661898281130649, 0.04460017017347949
157, 150, 0.6912897949665076, 0.914460007396913, 0.8832581714081491, 0.8731076628626702, 0.04022805242756939
158, 150, 0.6827729192204524, 0.914460007396913, 0.8861373529733294, 0.8735246192742019, 0.04230843018657094
159, 150, 0.7173312075523308, 0.914460007396913, 0.8815881172180976, 0.8711005041842479, 0.03830944401989416
160, 150, 0.7208885459684697, 0.914460007396913, 0.8776978357005256, 0.8684318032529266, 0.03656261316375093
161, 150, 0.6859144600833245, 0.914460007396913, 0.8760336826851991, 0.8592501811399128, 0.05274797320310877
162, 150, 0.6894018452940001, 0.914460007396913, 0.8800912198121639, 0.8597724278561678, 0.05306586998182289
163, 150, 0.7140357868298441, 0.914460007396913, 0.8797772517742308, 0.8666264188730185, 0.04332057127788422
164, 150, 0.6360798757588543, 0.914460007396913, 0.8773819925012587, 0.8618868811455782, 0.046903387411506424
165, 150, 0.7183583329196389, 0.914460007396913, 0.8749738368546255, 0.865807831242146, 0.03785830387648069
166, 150, 0.676624365260369, 0.914460007396913, 0.8749165906263732, 0.857440267671207, 0.05219101145022844
167, 150, 0.707618397194365, 0.914460007396913, 0.8741910990868581, 0.8668029328506176, 0.03666470920395756
168, 150, 0.7245837394699931, 0.914460007396913, 0.8796487832743478, 0.8670420709021257, 0.04315991129533773
169, 150, 0.7204013155986684, 0.914460007396913, 0.8772679703219738, 0.8642741924840682, 0.04437552660594067
170, 150, 0.7028066647929052, 0.914460007396913, 0.8772665340281862, 0.8680824859754455, 0.03890857944724192
171, 150, 0.7102282717295338, 0.914460007396913, 0.8788442810109303, 0.870806198262452, 0.03654509231950753
172, 150, 0.7113465716768155, 0.914460007396913, 0.8802457410854703, 0.8674426501899765, 0.043099078111207445
173, 150, 0.7250621037158257, 0.914460007396913, 0.8830403819416828, 0.8683618907837756, 0.04270387573005654
174, 150, 0.6854700166751264, 0.914460007396913, 0.8850225240693677, 0.8673240768207335, 0.04748658605389746
175, 150, 0.6606736113582248, 0.914460007396913, 0.8841983671260605, 0.8720151974386364, 0.04392824521032756
176, 150, 0.7361738453691977, 0.914460007396913, 0.8770766130948715, 0.865847600246946, 0.04320058554724701
177, 150, 0.7102703057026926, 0.914460007396913, 0.8829574819105035, 0.8679803118668397, 0.046483102672838485
178, 150, 0.7312359717163875, 0.914460007396913, 0.8841795466955903, 0.8731228929583156, 0.03973010066610903
179, 150, 0.650599279967179, 0.914460007396913, 0.8837951821078561, 0.8667931059308311, 0.05172387074850981
180, 150, 0.7202480530878334, 0.914460007396913, 0.8790472083824318, 0.8671145697624587, 0.041530846337253825
181, 150, 0.7043760397559933, 0.914460007396913, 0.8830762554273208, 0.8672393595083345, 0.04332123398351878
182, 150, 0.637385715210437, 0.914460007396913, 0.8819919623319331, 0.8622404658952966, 0.05327750387373341
183, 150, 0.6443125203112133, 0.914460007396913, 0.8793962459270099, 0.8642640803222957, 0.04828182151904311
184, 150, 0.6890560085813914, 0.914460007396913, 0.8793962459270099, 0.8607786076556575, 0.05094095274726236
185, 150, 0.7038960250034564, 0.914460007396913, 0.8765200021779145, 0.8670616504021428, 0.03848370022016109
186, 150, 0.677705234175638, 0.914460007396913, 0.8795324869632326, 0.8662796494154948, 0.04648629885804044
187, 150, 0.7153466714067739, 0.914460007396913, 0.8816055703830091, 0.8702787767822554, 0.03974187326264125
188, 150, 0.6903007107971817, 0.914460007396913, 0.8833850729461297, 0.8727332627300625, 0.03957265138902715
189, 150, 0.6946501275621614, 0.914460007396913, 0.8842886324065888, 0.8716421798656904, 0.04011716596953953
190, 150, 0.5906643432735904, 0.914460007396913, 0.8815567727026599, 0.863951677944803, 0.054356749318975064
191, 150, 0.7155880050715019, 0.914460007396913, 0.8840044421332864, 0.8663915460002083, 0.045942758772365484
192, 150, 0.6561036881961049, 0.914460007396913, 0.8855744526770212, 0.8707487561706386, 0.04633257075248498
193, 150, 0.7362204088147664, 0.914460007396913, 0.8857922869795034, 0.8731623260718239, 0.0411008992250269
194, 150, 0.7144025184926045, 0.914460007396913, 0.8847329441057386, 0.8694189232119601, 0.04384630483694443
195, 150, 0.7045156960576812, 0.914460007396913, 0.8840639068914826, 0.8679301160213002, 0.043459672542165075
196, 150, 0.7172899334156028, 0.914460007396913, 0.8805493903531327, 0.8727980802075369, 0.037991908342665116
197, 150, 0.6920520050677725, 0.914460007396913, 0.878397495694702, 0.8636287702467921, 0.04318238111703393
198, 150, 0.6749530634959076, 0.914460007396913, 0.8840989365010781, 0.8688694056028681, 0.044397786460016304
199, 150, 0.732664151526663, 0.914460007396913, 0.879633168962344, 0.8710725965406254, 0.03606855983888678
200, 150, 0.6909810281106189, 0.914460007396913, 0.8831043792587027, 0.8669653647300902, 0.04534246020603751
201, 150, 0.7254039472320027, 0.914460007396913, 0.8807589767322074, 0.871027651887376, 0.03950965321939893
202, 150, 0.7211895989811754, 0.914460007396913, 0.8766227915434104, 0.8659203330362512, 0.0410546064953148
203, 150, 0.7295418710621763, 0.914460007396913, 0.8837601778297208, 0.8682653795367931, 0.038812378411053595
204, 150, 0.7112621465730202, 0.914460007396913, 0.8812493731123299, 0.8680909641710514, 0.03905604422433417
205, 150, 0.6298502989769489, 0.914460007396913, 0.879024314653178, 0.8615697324274318, 0.05214975233417636
206, 150, 0.6389973897083449, 0.914460007396913, 0.8735520425000092, 0.8502957454255896, 0.05706146297401797
207, 150, 0.6595557178657316, 0.914460007396913, 0.8724184368623458, 0.8573683057146974, 0.04362857973049177
208, 150, 0.578989423130464, 0.914460007396913, 0.8726044440850754, 0.8551500308609646, 0.05698544317521151
209, 150, 0.6673936094854365, 0.914460007396913, 0.8726826676338556, 0.8613559378789948, 0.043619787118983115
210, 150, 0.6597067150585839, 0.914460007396913, 0.882084480001455, 0.8656555958243045, 0.04284267804843839
211, 150, 0.6336476424707723, 0.914460007396913, 0.8754605629385646, 0.8512790025415155, 0.058017098957555635
212, 150, 0.7185413877606943, 0.914460007396913, 0.8729434347503882, 0.8642108997402308, 0.03888661583821224
213, 150, 0.6897014136257194, 0.914460007396913, 0.8754330180370825, 0.8612762248409911, 0.04601883581668113
214, 150, 0.7312293170343458, 0.914460007396913, 0.8762046558974566, 0.8670588159927812, 0.0393697564397412
215, 150, 0.6926204739069013, 0.914460007396913, 0.8747332890146773, 0.8616757094469244, 0.04613840572370868
216, 150, 0.6964092337863266, 0.914460007396913, 0.8723678691462222, 0.8552611908972494, 0.050027524635077904
217, 150, 0.6806522829777973, 0.914460007396913, 0.8735177565798631, 0.8550310059068772, 0.05172509309883902
218, 150, 0.599265042504615, 0.914460007396913, 0.8738584157440141, 0.8576016003965018, 0.050704666933808956
219, 150, 0.7174218780476453, 0.914460007396913, 0.8751788375223664, 0.8632932821822566, 0.039600844547444676
220, 150, 0.7170872072151963, 0.914460007396913, 0.8785191417990942, 0.8651207703930572, 0.040679594290112996
221, 150, 0.7242204064251653, 0.914460007396913, 0.8775337754437287, 0.8659739759894658, 0.037883828968934954
222, 150, 0.6842911343104644, 0.914460007396913, 0.8800681447518748, 0.8689165117016302, 0.03596457733030857
223, 150, 0.7136044854037787, 0.914460007396913, 0.8760987583618068, 0.8659125910896789, 0.03792799214527491
224, 150, 0.7005969339604778, 0.914460007396913, 0.8714222727610182, 0.8599447133041849, 0.041941043274824556
225, 150, 0.6665742354378222, 0.914460007396913, 0.8734961577104112, 0.8591931409127248, 0.04108045795671464
226, 150, 0.698573906189492, 0.914460007396913, 0.8705764154113234, 0.8551786476780152, 0.04861852054128725
227, 150, 0.6707498696103071, 0.914460007396913, 0.8751515515290271, 0.8556147118073298, 0.050625716346806376
228, 150, 0.6027881302579113, 0.9191395323507222, 0.8741026910370403, 0.8562782877520192, 0.05712256953575396
229, 150, 0.6639884876127191, 0.9191395323507222, 0.8786051708151122, 0.8649051257587909, 0.0423796451477474
230, 150, 0.7078900488686701, 0.9191395323507222, 0.8792063359706612, 0.8664002129229931, 0.043147187846761394
231, 150, 0.7258319643631784, 0.9191395323507222, 0.8776919381144239, 0.8643864243769486, 0.04303942110144125
232, 150, 0.6545822049618332, 0.9191395323507222, 0.8709052903802372, 0.859589830766084, 0.04839044831368716
233, 150, 0.6547229420701719, 0.9191395323507222, 0.8774649673875712, 0.860966306275745, 0.050964337332944094
234, 150, 0.6091537966858889, 0.9191395323507222, 0.8792037316854677, 0.8620842058450504, 0.05217033011496482
235, 150, 0.7020505487853096, 0.9191395323507222, 0.8789903768295128, 0.8671196387013576, 0.042129060641489274
236, 150, 0.7232737364082441, 0.9191395323507222, 0.886089269640155, 0.8739372886910284, 0.040864137014817954
237, 150, 0.727947863706012, 0.9191395323507222, 0.8846859563582132, 0.8767571031827182, 0.03617459943331913
238, 150, 0.7064952643816943, 0.9191395323507222, 0.8819105651733938, 0.8678699776058287, 0.045362364267059294
239, 150, 0.7120000726086878, 0.9191395323507222, 0.883882596543646, 0.8739203919533791, 0.03807361392966423
240, 150, 0.71873237134876, 0.9191395323507222, 0.8835516650823633, 0.8667461361774097, 0.045870953327671805
241, 150, 0.6958986079938375, 0.9191395323507222, 0.8841895644436768, 0.8688301117360341, 0.04432887703908445
242, 150, 0.7277050412453859, 0.9204752855731072, 0.883138995332212, 0.8717915899428882, 0.03845690127906396
243, 150, 0.675955191507461, 0.9204752855731072, 0.8836157180012696, 0.869645928117286, 0.04874918446249514
244, 150, 0.7633379551215567, 0.9204752855731072, 0.8872573247969775, 0.8771024806224239, 0.032956010148427715
245, 150, 0.6391936426786832, 0.9204752855731072, 0.8845937796079251, 0.8686862880899635, 0.049120232488870465
246, 150, 0.6883470830925026, 0.9204752855731072, 0.8829213896461571, 0.8669377102323172, 0.04860767318746297
247, 150, 0.7071121234322509, 0.9204752855731072, 0.8846599179392839, 0.8740533540402633, 0.04010781020043774
248, 150, 0.69100242010648, 0.9204752855731072, 0.8842106845485327, 0.8661394418060957, 0.05021203232090291
249, 150, 0.5756682244669558, 0.9204752855731072, 0.877533485187415, 0.8617250779282578, 0.0533834817770802
250, 150, 0.7020361293890883, 0.9204752855731072, 0.8783650194962844, 0.8677686299022052, 0.04315725135817202
251, 150, 0.6129582367380086, 0.9204752855731072, 0.8771622794488193, 0.8638303254422711, 0.051515784716140045
252, 150, 0.7143916593178518, 0.9204752855731072, 0.8817071482714258, 0.8719562509481187, 0.039199127649359816
253, 150, 0.7145012166161991, 0.9204752855731072, 0.8795364260052778, 0.869592321804296, 0.037641914897180745
254, 150, 0.6620963433069083, 0.9204752855731072, 0.8766446914350464, 0.8639055067305855, 0.04949412073009263
255, 150, 0.7137493244178753, 0.9204752855731072, 0.8790909537030647, 0.8701268342135257, 0.04088373034685019
256, 150, 0.6764084982182337, 0.9204752855731072, 0.8789824081854527, 0.8641158020959684, 0.05075921296457357
257, 150, 0.7316532630839593, 0.9204752855731072, 0.883875023281459, 0.8709742505644859, 0.043374727832500265
258, 150, 0.6801171554028251, 0.9204752855731072, 0.8879950611421126, 0.877040900509924, 0.03627722890041682
259, 150, 0.6537104155906998, 0.9204752855731072, 0.8887689186716776, 0.8708751748737525, 0.04943062149727364
260, 150, 0.6969524884841045, 0.9204752855731072, 0.889416854146386, 0.872999102990547, 0.047672795822373375
261, 150, 0.6864844969774271, 0.9204752855731072, 0.8817565226646833, 0.8724465630665675, 0.04347755661371729
262, 150, 0.6988767392794374, 0.9204752855731072, 0.8836186775601909, 0.8676786531095926, 0.045989660475426755
263, 150, 0.6872393232059549, 0.9204752855731072, 0.8849382942203029, 0.8717749901137479, 0.04596536801698444
264, 150, 0.7113736868938946, 0.9204752855731072, 0.8841262973345043, 0.8709720875986684, 0.04313311538426795
265, 150, 0.6444512375863379, 0.9204752855731072, 0.8843699643366184, 0.8656325616786622, 0.05360219497290019
266, 150, 0.6662241178188743, 0.9204752855731072, 0.8800895006504053, 0.8674555209506969, 0.047714767958742924
267, 150, 0.7273855843895828, 0.9204752855731072, 0.885078942297296, 0.875165654563948, 0.03853627804521199
268, 150, 0.6777953629514849, 0.9204752855731072, 0.8834963628175319, 0.866758787042415, 0.05103340138825576
269, 150, 0.6360611164235335, 0.9204752855731072, 0.8795527474872094, 0.8632173074106997, 0.05314945762178687
270, 150, 0.6509711132926986, 0.9204752855731072, 0.8829492884497351, 0.8683683394650905, 0.04927085158256094
271, 150, 0.7170846451520201, 0.9204752855731072, 0.8857360901907554, 0.8777627980856062, 0.03667557629277326
272, 150, 0.6744188417148462, 0.9204752855731072, 0.8869630694901964, 0.8696193421112725, 0.051109628239503616
273, 150, 0.7082416308618616, 0.9204752855731072, 0.8865563444004435, 0.8749051665199428, 0.039621609789289955
274, 150, 0.6536224465446506, 0.9204752855731072, 0.8886239437702044, 0.8733661417414877, 0.04595208770087997
275, 150, 0.740960865046145, 0.9218110387954921, 0.8890081052840668, 0.8800236419117046, 0.03571618620076341
276, 150, 0.7014211576068161, 0.9218110387954921, 0.8835917797714776, 0.8731877005383301, 0.038938306793396535
277, 150, 0.6960555194215318, 0.9218110387954921, 0.8861605257708354, 0.8724918321849077, 0.04423349940998669
278, 150, 0.7263070803843793, 0.9218110387954921, 0.8828440292668798, 0.8710301384456177, 0.043319311422476026
279, 150, 0.6845203540487829, 0.9218110387954921, 0.8818392944771238, 0.8698505455496994, 0.04458481540206751
280, 150, 0.6965592740049132, 0.9218110387954921, 0.8837027733636125, 0.8681299300268813, 0.04513532644729797
281, 150, 0.7153619830012635, 0.9218110387954921, 0.8766263620109505, 0.8610010218733563, 0.04948158113452006
282, 150, 0.7020849132851456, 0.9218110387954921, 0.874751594583221, 0.8585108575575033, 0.05352978521978879
283, 150, 0.659246577907038, 0.9218110387954921, 0.8689527469244288, 0.8453799153222485, 0.06407407910935137
284, 150, 0.7182360955367489, 0.9218110387954921, 0.8788963213292673, 0.865312461321599, 0.04342541107492075
285, 150, 0.6787309653682865, 0.9218110387954921, 0.8786967744411157, 0.8627064822785853, 0.04948787675645596
286, 150, 0.6467236780823952, 0.9218110387954921, 0.8848877556353585, 0.8723212972919115, 0.043576154406022125
287, 150, 0.6888031600550278, 0.9218110387954921, 0.8827989709322319, 0.8657092256961645, 0.048359929319889285
288, 150, 0.698625008578964, 0.9218110387954921, 0.882947043449084, 0.8699045032361297, 0.04606204662941264
289, 150, 0.7094983587947544, 0.9218110387954921, 0.886216994661684, 0.8683778655919238, 0.04897817060176569
290, 150, 0.7530670346465148, 0.9218110387954921, 0.890181814844974, 0.8797496906961335, 0.03653457881271181
291, 150, 0.6537271502824759, 0.9218110387954921, 0.8925122813093095, 0.8710424377215563, 0.054657584763262684
292, 150, 0.7579964583199037, 0.9218110387954921, 0.8940043729150717, 0.8827408206329077, 0.035490391731055
293, 150, 0.7076431096774602, 0.9218110387954921, 0.8866288918023023, 0.8702555086868146, 0.04726746925096305
294, 150, 0.6967135623235284, 0.9218110387954921, 0.8852159304985209, 0.867192585691322, 0.05442865932808898
295, 150, 0.7065251947683721, 0.9218110387954921, 0.8884345670410907, 0.871159226521963, 0.0488098912680577
296, 150, 0.6937858445397943, 0.9218110387954921, 0.8874464005039069, 0.8740689514713912, 0.04420633437347169
297, 150, 0.6912166237774439, 0.9218110387954921, 0.884295846595329, 0.8673506137757993, 0.053005295734892495
298, 150, 0.6640735770299306, 0.9218110387954921, 0.8866005178227521, 0.8763106894544558, 0.04374621858766504
299, 150, 0.6906259954538178, 0.9218110387954921, 0.8849093253736313, 0.8711007090722891, 0.045730478164953445
300, 150, 0.6848954804641152, 0.9218110387954921, 0.8877061666055746, 0.8718118469727903, 0.04660413367696869
